{"data":[
    	    	                        [{"name":"高桥西"},{"value":325, "name":"高桥"}],
    	    	                        [{"name":"高桥西"},{"value":1372, "name":"梁祝"}],
    	    	                        [{"name":"高桥西"},{"value":166, "name":"芦港"}],
    	    	                        [{"name":"高桥西"},{"value":341, "name":"徐家漕长乐"}],
										[{"name":"高桥西"},{"value":463, "name":"望春桥"}],
										[{"name":"高桥西"},{"value":487, "name":"泽民"}],
										[{"name":"高桥西"},{"value":1191, "name":"大卿桥"}],
										[{"name":"高桥西"},{"value":2721, "name":"西门口"}],
										[{"name":"高桥西"},{"value":1500, "name":"鼓楼"}],
										[{"name":"高桥西"},{"value":6101, "name":"东门口"}],
										[{"name":"高桥西"},{"value":9653, "name":"江厦桥东"}],
										[{"name":"高桥西"},{"value":2038, "name":"舟孟北路"}],
										[{"name":"高桥西"},{"value":2193, "name":"樱花公园"}],
										[{"name":"高桥西"},{"value":1670, "name":"福明路"}],
										[{"name":"高桥西"},{"value":2404, "name":"世纪大道"}],
    	    	                        [{"name":"高桥西"},{"value":734, "name":"海晏北路"}],
										[{"name":"高桥西"},{"value":570, "name":"福庆北路"}],
										[{"name":"高桥西"},{"value":265, "name":"盛莫路"}],
										[{"name":"高桥西"},{"value":915, "name":"东环南路"}]
										
    	    	                        ],
										
  "data1":[
    	    	                        [{"name":"东环南路"},{"value":602, "name":"高桥西"}],
										[{"name":"东环南路"},{"value":9048, "name":"高桥"}],
    	    	                        [{"name":"东环南路"},{"value":2936, "name":"梁祝"}],
    	    	                        [{"name":"东环南路"},{"value":6052, "name":"芦港"}],
    	    	                        [{"name":"东环南路"},{"value":4173, "name":"徐家漕长乐"}],
										[{"name":"东环南路"},{"value":11756, "name":"望春桥"}],
										[{"name":"东环南路"},{"value":18805, "name":"泽民"}],
										[{"name":"东环南路"},{"value":24051, "name":"大卿桥"}],
										[{"name":"东环南路"},{"value":25540, "name":"西门口"}],
										[{"name":"东环南路"},{"value":58080, "name":"鼓楼"}],
										[{"name":"东环南路"},{"value":129479, "name":"东门口"}],
										[{"name":"东环南路"},{"value":36714, "name":"江厦桥东"}],
										[{"name":"东环南路"},{"value":47717, "name":"舟孟北路"}],
										[{"name":"东环南路"},{"value":25131, "name":"樱花公园"}],
										[{"name":"东环南路"},{"value":55542, "name":"福明路"}],
										[{"name":"东环南路"},{"value":8859, "name":"世纪大道"}],
    	    	                        [{"name":"东环南路"},{"value":6548, "name":"海晏北路"}],
										[{"name":"东环南路"},{"value":1816, "name":"福庆北路"}],
										[{"name":"东环南路"},{"value":3169, "name":"盛莫路"}]
									
    	    	                        ]
										}