{"color":["#FBB367","#80B1D2","#FB8070","#CC99FF","#B0D961",
        "#99CCCC","#BEBBD8","#FFCC99","#8DD3C8","#FF9999",
        "#CCEAC4","#BB81BC","#FBCCEC","#CCFF66","#99CC66",
        "#66CC66","#FF6666","#FFED6F","#ff7f50","#87cefa","#BDB76B","#483D8B","#778899","#ADD8E6","#3CB371",
		"#9ACD32","#FFD700","#FA8072","#BC8F8F","#E9967A",
		"#D2691E","#98FB98","#87CEFA","#7B68EE","#BA55D3",
		"#ADFF2F"],
  "data":[ "#followfriday":2072,
    "#fb":1569,
    "#squarespace":628,
    "#FF":568,
    "#seb":499,
    "#FollowFriday":454,
    "#1":437,
    "#ff":387,
    "#iranelection":315,
    "#fail":297,
    "#2":291,
    "#musicmonday":275,
    "#myweakness":267,
    "#asot400":264,
    "#marsiscoming":247,
    "#mcflyforgermany":222,
    "#andyhurleyday":188,
    "#inaperfectworld":183,
    "#iPhone":174,
    "#delongeday":167,
    "#mileymonday":155,
    "#bgt":153,
    "#BSB":153,
    "#spymaster":151,
    "#trackle":144,
    "#tcot":143,
    "#f1":140,
    "#iremember":138,
    "#e3":132,
    "#E3":123,
    "#iphone":118,
    "#goodsex":113,
			
						
            "",
            "入站",
            "出站"] ,
    "matrix":[
				[0,0,100,100,0,100,0,0,100,0,0,0,0,0,0,0,0,0,0,0,0,0,0,0,0,0,0,0,0,0,0],
                [0,0,0,10,0,0,0,0,0,10,10,0,0,0,0,0,0,0,0,0,0,0,0,0,0,0,0,0,0,0,0],
                [10,0,0,0,0,0,10,10,10,0,0,10,10,0,10,0,0,10,0,0,0,0,0,10,0,0,0,0,0,0,0],
                [10,100,0,0,0,0,0,0,0,0,0,0,0,0,0,10,0,0,0,0,0,0,0,0,0,0,0,0,0,0,0,0],
                [0,0,0,0,0,10,0,100,0,0,0,10,10,0,0,10,0,0,0,0,0,10,0,0,0,0,0,0,0,0,0],
                [10,0,0,0,100,0,10,0,0,0,0,0,0,0,0,0,0,10,0,0,0,0,0,0,0,0,0,0,0,0,0],
                [0,0,100,0,0,100,0,0,0,0,0,0,0,0,0,0,0,0,0,0,0,0,0,0,0,0,0,0,0,0,0],
                [0,0,100,0,10,0,0,0,0,0,0,0,0,10,0,10,0,0,0,0,0,0,0,0,0,0,0,0,0,0,0],
                [10,0,100,0,0,0,0,0,0,0,0,0,0,100,0,10,0,0,10,0,0,0,0,0,0,0,0,0,0,0,0],
                [0,100,0,0,0,0,0,0,0,0,0,0,0,0,0,0,0,0,0,0,0,0,0,0,0,0,0,0,0,0,0],
                [0,0,100,100,0,100,0,0,100,0,0,0,0,0,0,0,0,0,0,0,0,0,0,0,0,0,0,0,0,0,0],
                [0,0,0,10,0,0,0,0,0,10,10,0,0,0,0,0,0,0,0,0,0,0,0,0,0,0,0,0,0,0,0],
                [10,0,0,0,0,0,10,10,10,0,0,10,10,0,10,0,0,10,0,0,0,0,0,0,0,0,0,0,0,0,0],
                [10,100,0,0,0,0,0,0,0,0,0,0,0,0,0,10,0,0,0,0,0,0,0,0,0,0,0,0,0,0,0,0],
                [0,0,0,0,0,10,0,100,0,0,0,10,10,0,0,10,0,10,0,0,0,0,0,0,0,0,0,0,0,0,0],
                [10,0,0,0,100,0,10,0,0,0,0,0,0,0,0,0,0,10,0,0,0,0,0,0,0,0,0,0,0,0,0],
                [0,0,100,0,0,100,0,0,0,0,0,0,0,0,0,0,0,0,0,0,0,0,0,0,0,0,0,0,0,0,0],
                [0,0,100,0,10,0,0,0,0,0,0,0,0,10,0,10,0,0,0,0,0,0,0,0,0,0,0,0,0,0,0],
                [10,0,100,0,0,0,0,0,0,0,0,0,0,100,0,10,0,0,10,0,0,0,0,0,0,0,0,0,0,0,0],
                [0,100,0,0,0,0,0,0,0,0,10,0,0,0,0,0,0,0,0,0,0,0,0,0,0,0,0,0,0,0,0],
				[0,0,100,100,0,100,0,0,100,0,0,0,0,0,0,0,0,0,0,10,0,0,0,0,0,0,0,0,0,0,0],
                [0,0,0,10,0,0,0,0,0,10,10,0,0,0,0,0,0,0,0,0,0,0,0,0,0,0,0,0,0,0,0],
                [10,0,0,0,0,0,10,10,10,0,0,10,10,0,10,0,0,10,0,0,0,0,0,0,0,0,0,0,0,0,0],
                [10,100,0,0,0,0,0,0,0,0,0,0,0,0,0,10,0,0,0,0,10,0,0,0,0,0,0,0,0,0,0,0],
                [0,0,0,0,0,10,0,100,0,0,0,10,10,0,0,10,0,0,0,0,0,0,0,0,0,0,0,0,0,0,0],
                [10,0,0,0,100,0,10,0,0,0,0,0,0,0,0,0,0,10,0,0,0,0,0,0,0,0,0,0,0,0,0],
                [0,0,100,0,0,100,0,0,0,0,0,0,0,0,0,0,0,0,0,0,0,0,0,0,0,0,0,0,0,0,0],
                [0,0,100,0,10,0,0,0,0,0,0,0,0,10,0,10,0,0,10,0,0,0,0,0,0,0,0,0,0,0,0],
                [10,0,100,0,0,0,0,0,0,0,0,0,0,100,0,10,0,0,10,0,0,0,0,0,0,0,0,0,0,0,0],
                [0,100,0,0,0,0,0,0,0,0,0,0,0,0,0,0,0,0,0,0,0,0,0,0,10,0,0,0,0,0,0],
				[0,100,0,0,0,0,0,0,0,0,0,0,0,0,0,0,0,0,0,0,0,0,0,0,0,0,0,0,0,0,0]
            ]    ,
     "data1":[
       {"name": "#followfriday"},
       {"name": ["#fb", 1569]},
       {"name": ["#squarespace", 628]},
       {"name": ["#FF", 568]},
       {"name": ["#seb", 499]},
       {"name": ["#FollowFriday", 454]},
       {"name": ["#1", 437]},
       {"name": ["#ff", 387]},
       {"name": ["#iranelection", 315]},
       {"name": ["#fail", 297]},
       {"name": ["#2", 291]},
       {"name": ["#musicmonday", 275]},
       {"name": ["#myweakness", 267]},
       {"name": ["#asot400", 264]},
       {"name": ["#marsiscoming", 247]},
       {"name": ["#mcflyforgermany", 222]},
       {"name": ["#andyhurleyday", 188]},
       {"name": ["#inaperfectworld", 183]},
       {"name": ["#iPhone", 174]},
       {"name": ["#delongeday", 167]},
       {"name": ["#mileymonday", 155]},
       {"name": ["#bgt", 153]},
       {"name": ["#BSB", 153]},
       {"name": ["#spymaster", 151]},
       {"name": ["#trackle", 144]},
       {"name": ["#tcot", 143]},
       {"name": ["#f1", 140]},
       {"name": ["#iremember", 138]},
       {"name": ["#e3", 132]},
       {"name": ["#E3", 123]},
       {"name": ["#iphone", 118]},
       {"name": ["#goodsex", 113]},
       {"name": ["#3", 104]},
       {"name": ["#bradiewebb", 104]},
       {"name": ["#dontyouhate", 103]},
       {"name": ["#mmwanted", 98]},
       {"name": ["#haveyouever", 98]},
       {"name": ["#asylm", 94]},
       {"name": ["#hhrs", 94]},
       {"name": ["#tag", 93]},
       {"name": ["#IranElection", 92]},
       {"name": ["#BGT", 91]},
       {"name": ["#andyclemmensen", 90]},
       {"name": ["#chesterday", 89]},
       {"name": ["#hoppusday", 89]},
       {"name": ["#shaundiviney", 86]},
       {"name": ["#flylady", 82]}
 

            ],
     "matrix1":[
              [0,0,100,100,0,100,0,0,100,0,0,0,0,0,0,0,0,0,0,0,0,0,0,0,0,0,0,0,0,0,0],
                [0,0,0,10,0,0,0,0,0,10,10,0,0,0,0,0,0,0,0,0,0,0,0,0,0,0,0,0,0,0,0],
                [10,0,0,0,0,0,10,10,10,0,0,10,10,0,10,0,0,10,0,0,0,0,0,10,0,0,0,0,0,0,0],
                [10,100,0,0,0,0,0,0,0,0,0,0,0,0,0,10,0,0,0,0,0,0,0,0,0,0,0,0,0,0,0,0],
                [0,0,0,0,0,10,0,100,0,0,0,10,10,0,0,10,0,0,0,0,0,10,0,0,0,0,0,0,0,0,0],
                [10,0,0,0,100,0,10,0,0,0,0,0,0,0,0,0,0,10,0,0,0,0,0,0,0,0,0,0,0,0,0],
                [0,0,100,0,0,100,0,0,0,0,0,0,0,0,0,0,0,0,0,0,0,0,0,0,0,0,0,0,0,0,0],
                [0,0,100,0,10,0,0,0,0,0,0,0,0,10,0,10,0,0,0,0,0,0,0,0,0,0,0,0,0,0,0],
                [10,0,100,0,0,0,0,0,0,0,0,0,0,100,0,10,0,0,10,0,0,0,0,0,0,0,0,0,0,0,0],
                [0,100,0,0,0,0,0,0,0,0,0,0,0,0,0,0,0,0,0,0,0,0,0,0,0,0,0,0,0,0,0],
                [0,0,100,100,0,100,0,0,100,0,0,0,0,0,0,0,0,0,0,0,0,0,0,0,0,0,0,0,0,0,0],
                [0,0,0,10,0,0,0,0,0,10,10,0,0,0,0,0,0,0,0,0,0,0,0,0,0,0,0,0,0,0,0],
                [10,0,0,0,0,0,10,10,10,0,0,10,10,0,10,0,0,10,0,0,0,0,0,0,0,0,0,0,0,0,0],
                [10,100,0,0,0,0,0,0,0,0,0,0,0,0,0,10,0,0,0,0,0,0,0,0,0,0,0,0,0,0,0,0],
                [0,0,0,0,0,10,0,100,0,0,0,10,10,0,0,10,0,10,0,0,0,0,0,0,0,0,0,0,0,0,0],
                [10,0,0,0,100,0,10,0,0,0,0,0,0,0,0,0,0,10,0,0,0,0,0,0,0,0,0,0,0,0,0],
                [0,0,100,0,0,100,0,0,0,0,0,0,0,0,0,0,0,0,0,0,0,0,0,0,0,0,0,0,0,0,0],
                [0,0,100,0,10,0,0,0,0,0,0,0,0,10,0,10,0,0,0,0,0,0,0,0,0,0,0,0,0,0,0],
                [10,0,100,0,0,0,0,0,0,0,0,0,0,100,0,10,0,0,10,0,0,0,0,0,0,0,0,0,0,0,0],
                [0,100,0,0,0,0,0,0,0,0,10,0,0,0,0,0,0,0,0,0,0,0,0,0,0,0,0,0,0,0,0],
				[0,0,100,100,0,100,0,0,100,0,0,0,0,0,0,0,0,0,0,10,0,0,0,0,0,0,0,0,0,0,0],
                [0,0,0,10,0,0,0,0,0,10,10,0,0,0,0,0,0,0,0,0,0,0,0,0,0,0,0,0,0,0,0],
                [10,0,0,0,0,0,10,10,10,0,0,10,10,0,10,0,0,10,0,0,0,0,0,0,0,0,0,0,0,0,0],
                [10,100,0,0,0,0,0,0,0,0,0,0,0,0,0,10,0,0,0,0,10,0,0,0,0,0,0,0,0,0,0,0],
                [0,0,0,0,0,10,0,100,0,0,0,10,10,0,0,10,0,0,0,0,0,0,0,0,0,0,0,0,0,0,0],
                [10,0,0,0,100,0,10,0,0,0,0,0,0,0,0,0,0,10,0,0,0,0,0,0,0,0,0,0,0,0,0],
                [0,0,100,0,0,100,0,0,0,0,0,0,0,0,0,0,0,0,0,0,0,0,0,0,0,0,0,0,0,0,0],
                [0,0,100,0,10,0,0,0,0,0,0,0,0,10,0,10,0,0,10,0,0,0,0,0,0,0,0,0,0,0,0],
                [10,0,100,0,0,0,0,0,0,0,0,0,0,100,0,10,0,0,10,0,0,0,0,0,0,0,0,0,0,0,0],
                [0,100,0,0,0,0,0,0,0,0,0,0,0,0,0,0,0,0,0,0,0,0,0,0,10,0,0,0,0,0,0],
				[0,100,0,0,0,0,0,0,0,0,0,0,0,0,0,0,0,0,0,0,0,0,0,0,0,0,0,0,0,0,0]
				
				]
     }         