{
  "name":["高桥西",
  "高桥",
  "梁祝",
  "芦港",
  "徐家漕长乐",
  "望春桥",
  "泽民",
  "大卿桥",
  "西门口",
  "鼓楼",
  "东门口",
  "江厦桥东",
  "舟孟北路",
  "樱花公园",
  "福明路",
  "世纪大道",
  "海晏北路",
  "福庆北路",
  "盛莫路",
  "东环南路"],

  "value1":[
  {"value":3492,"name":"高桥西"},
    {"value":41577,"name":"高桥"},
    {"value":7394,"name":"梁祝"},
    {"value":42101,"name":"芦港"},
    {"value":30791,"name":"徐家漕长乐"},
    {"value":50536,"name":"望春桥"},
    {"value":67930,"name":"泽民"},
    {"value":84100,"name":"大卿桥"},
    {"value":52817,"name":"西门口"},
    {"value":99517,"name":"鼓楼"},
    {"value":184783,"name":"东门口"},
    {"value":51877,"name":"江厦桥东"},
    {"value":50801,"name":"舟孟北路"},
    {"value":53797,"name":"樱花公园"},
    {"value":123942,"name":"福明路"},
    {"value":38226,"name":"世纪大道"},
    {"value":30549,"name":"海晏北路"},
    {"value":32071,"name":"福庆北路"},
    {"value":40123,"name":"盛莫路"},
    {"value":43202,"name":"东环南路"}
	],
	 
	 "value2":[
	 {"value":3263,"name":"高桥西"},
    {"value":37487,"name":"高桥"},
    {"value":7643,"name":"梁祝"},
    {"value":18906,"name":"芦港"},
    {"value":24614,"name":"徐家漕长乐"},
    {"value":40635,"name":"望春桥"},
    {"value":54109,"name":"泽民"},
    {"value":59510,"name":"大卿桥"},
    {"value":39476,"name":"西门口"},
    {"value":77238,"name":"鼓楼"},
    {"value":178234,"name":"东门口"},
    {"value":38275,"name":"江厦桥东"},
    {"value":41418,"name":"舟孟北路"},
    {"value":40805,"name":"樱花公园"},
    {"value":101768,"name":"福明路"},
    {"value":27222,"name":"世纪大道"},
    {"value":26312,"name":"海晏北路"},
    {"value":23607,"name":"福庆北路"},
    {"value":30975,"name":"盛莫路"},
    {"value":38949,"name":"东环南路"}
	],
	"value3":[
	{"value":3216,"name":"高桥西"},
  {"value":42164,"name":"高桥"},
  {"value":8700,"name":"梁祝"},
  {"value":49633,"name":"芦港"},
  {"value":31741,"name":"徐家漕长乐"},
  {"value":50715,"name":"望春桥"},
  {"value":71286,"name":"泽民"},
  {"value":87276,"name":"大卿桥"},
  {"value":53278,"name":"西门口"},
  {"value":100732,"name":"鼓楼"},
  {"value":186233,"name":"东门口"},
  {"value":50830,"name":"江厦桥东"},
  {"value":52160,"name":"舟孟北路"},
  {"value":54886,"name":"樱花公园"},
  {"value":125567,"name":"福明路"},
  {"value":39236,"name":"世纪大道"},
  {"value":32525,"name":"海晏北路"},
  {"value":31803,"name":"福庆北路"},
  {"value":40839,"name":"盛莫路"},
  {"value":48071,"name":"东环南路"}
  ],
  "value4":[
  {"value":3293,"name":"高桥西"},
    {"value":41727,"name":"高桥"},
    {"value":8731,"name":"梁祝"},
    {"value":58043,"name":"芦港"},
    {"value":30167,"name":"徐家漕长乐"},
    {"value":49638,"name":"望春桥"},
    {"value":70794,"name":"泽民"},
    {"value":87247,"name":"大卿桥"},
    {"value":53063,"name":"西门口"},
    {"value":99344,"name":"鼓楼"},
    {"value":177973,"name":"东门口"},
    {"value":49728,"name":"江厦桥东"},
    {"value":49900,"name":"舟孟北路"},
    {"value":53304,"name":"樱花公园"},
    {"value":120628,"name":"福明路"},
    {"value":38890,"name":"世纪大道"},
    {"value":33699,"name":"海晏北路"},
    {"value":30501,"name":"福庆北路"},
    {"value":41070,"name":"盛莫路"},
    {"value":52901,"name":"东环南路"}
	],
	"value5":[
	{"value":3654,"name":"高桥西"},
    {"value":45341,"name":"高桥"},
    {"value":9924,"name":"梁祝"},
    {"value":57013,"name":"芦港"},
    {"value":31737,"name":"徐家漕长乐"},
    {"value":52420,"name":"望春桥"},
    {"value":70824,"name":"泽民"},
    {"value":92157,"name":"大卿桥"},
    {"value":53908,"name":"西门口"},
    {"value":100113,"name":"鼓楼"},
    {"value":197057,"name":"东门口"},
    {"value":51621,"name":"江厦桥东"},
    {"value":52228,"name":"舟孟北路"},
    {"value":54435,"name":"樱花公园"},
    {"value":125780,"name":"福明路"},
    {"value":40357,"name":"世纪大道"},
    {"value":37876,"name":"海晏北路"},
    {"value":31671,"name":"福庆北路"},
    {"value":42723,"name":"盛莫路"},
    {"value":47650,"name":"东环南路"}
	],
	"value6":[
	{"value":2940,"name":"高桥西"},
    {"value":36664,"name":"高桥"},
    {"value":7145,"name":"梁祝"},
    {"value":40514,"name":"芦港"},
    {"value":25505,"name":"徐家漕长乐"},
    {"value":58831,"name":"望春桥"},
    {"value":69678,"name":"泽民"},
    {"value":90584,"name":"大卿桥"},
    {"value":52930,"name":"西门口"},
    {"value":95082,"name":"鼓楼"},
    {"value":186953,"name":"东门口"},
    {"value":49363,"name":"江厦桥东"},
    {"value":50296,"name":"舟孟北路"},
    {"value":53254,"name":"樱花公园"},
    {"value":122271,"name":"福明路"},
    {"value":39976,"name":"世纪大道"},
    {"value":40891,"name":"海晏北路"},
    {"value":30884,"name":"福庆北路"},
    {"value":38914,"name":"盛莫路"},
    {"value":45159,"name":"东环南路"}
	],
	"value7":[
	{"value":3915,"name":"高桥西"},
    {"value":44149,"name":"高桥"},
    {"value":8500,"name":"梁祝"},
    {"value":33574,"name":"芦港"},
    {"value":30381,"name":"徐家漕长乐"},
    {"value":57120,"name":"望春桥"},
    {"value":75829,"name":"泽民"},
    {"value":90443,"name":"大卿桥"},
    {"value":57634,"name":"西门口"},
    {"value":110330,"name":"鼓楼"},
    {"value":199138,"name":"东门口"},
    {"value":53174,"name":"江厦桥东"},
    {"value":55946,"name":"舟孟北路"},
    {"value":59396,"name":"樱花公园"},
    {"value":131679,"name":"福明路"},
    {"value":42449,"name":"世纪大道"},
    {"value":47029,"name":"海晏北路"},
    {"value":34319,"name":"福庆北路"},
    {"value":37383,"name":"盛莫路"},
    {"value":48686,"name":"东环南路"}
	],
	"value8":[{"value":4192,"name":"高桥西"},
    {"value":45016,"name":"高桥"},
    {"value":8740,"name":"梁祝"},
    {"value":28217,"name":"芦港"},
    {"value":27544,"name":"徐家漕长乐"},
    {"value":53211,"name":"望春桥"},
    {"value":69649,"name":"泽民"},
    {"value":83053,"name":"大卿桥"},
    {"value":53436,"name":"西门口"},
    {"value":102401,"name":"鼓楼"},
    {"value":193451,"name":"东门口"},
    {"value":50191,"name":"江厦桥东"},
    {"value":54583,"name":"舟孟北路"},
    {"value":56057,"name":"樱花公园"},
    {"value":128491,"name":"福明路"},
    {"value":39900,"name":"世纪大道"},
    {"value":41942,"name":"海晏北路"},
    {"value":31159,"name":"福庆北路"},
    {"value":36767,"name":"盛莫路"},
    {"value":49149,"name":"东环南路"}
	],
	"value9": [
    {
      "value": 3134,
      "name": "高桥西"
    },
    {
      "value": 35957,
      "name": "高桥"
    },
    {
      "value": 8256,
      "name": "梁祝"
    },
    {
      "value": 46932,
      "name": "芦港"
    },
    {
      "value": 24567,
      "name": "徐家漕长乐"
    },
    {
      "value": 45989,
      "name": "望春桥"
    },
    {
      "value": 62194,
      "name": "泽民"
    },
    {
      "value": 82289,
      "name": "大卿桥"
    },
    {
      "value": 48082,
      "name": "西门口"
    },
    {
      "value": 99366,
      "name": "鼓楼"
    },
    {
      "value": 176077,
      "name": "东门口"
    },
    {
      "value": 44510,
      "name": "江厦桥东"
    },
    {
      "value": 47797,
      "name": "舟孟北路"
    },
    {
      "value": 47337,
      "name": "樱花公园"
    },
    {
      "value": 111381,
      "name": "福明路"
    },
    {
      "value": 34489,
      "name": "世纪大道"
    },
    {
      "value": 38517,
      "name": "海晏北路"
    },
    {
      "value": 25086,
      "name": "福庆北路"
    },
    {
      "value": 33758,
      "name": "盛莫路"
    },
    {
      "value": 41657,
      "name": "东环南路"
    }
	],
	"value10":[
	{"value":3560,"name":"高桥西"},
    {"value":41382,"name":"高桥"},
    {"value":15054,"name":"梁祝"},
    {"value":65644,"name":"芦港"},
    {"value":28381,"name":"徐家漕长乐"},
    {"value":51461,"name":"望春桥"},
    {"value":69574,"name":"泽民"},
    {"value":100905,"name":"大卿桥"},
    {"value":55058,"name":"西门口"},
    {"value":141742,"name":"鼓楼"},
    {"value":224165,"name":"东门口"},
    {"value":58806,"name":"江厦桥东"},
    {"value":60681,"name":"舟孟北路"},
    {"value":58202,"name":"樱花公园"},
    {"value":142039,"name":"福明路"},
    {"value":39316,"name":"世纪大道"},
    {"value":49120,"name":"海晏北路"},
    {"value":27573,"name":"福庆北路"},
    {"value":44741,"name":"盛莫路"},
    {"value":42720,"name":"东环南路"}
	],
	"value11":[
	{"value":2715,"name":"高桥西"},
    {"value":33341,"name":"高桥"},
    {"value":8587,"name":"梁祝"},
    {"value":63240,"name":"芦港"},
    {"value":24508,"name":"徐家漕长乐"},
    {"value":46001,"name":"望春桥"},
    {"value":62727,"name":"泽民"},
    {"value":95535,"name":"大卿桥"},
    {"value":50319,"name":"西门口"},
    {"value":120333,"name":"鼓楼"},
    {"value":196330,"name":"东门口"},
    {"value":54209,"name":"江厦桥东"},
    {"value":55126,"name":"舟孟北路"},
    {"value":54028,"name":"樱花公园"},
    {"value":128202,"name":"福明路"},
    {"value":36824,"name":"世纪大道"},
    {"value":40788,"name":"海晏北路"},
    {"value":23665,"name":"福庆北路"},
    {"value":38749,"name":"盛莫路"},
    {"value":29688,"name":"东环南路"}
	],
	"value12":[
	{"value":2341,"name":"高桥西"},
    {"value":32559,"name":"高桥"},
    {"value":8091,"name":"梁祝"},
    {"value":69369,"name":"芦港"},
    {"value":25554,"name":"徐家漕长乐"},
    {"value":45511,"name":"望春桥"},
    {"value":63858,"name":"泽民"},
    {"value":94694,"name":"大卿桥"},
    {"value":52232,"name":"西门口"},
    {"value":128034,"name":"鼓楼"},
    {"value":187853,"name":"东门口"},
    {"value":59158,"name":"江厦桥东"},
    {"value":56658,"name":"舟孟北路"},
    {"value":55430,"name":"樱花公园"},
    {"value":129231,"name":"福明路"},
    {"value":36807,"name":"世纪大道"},
    {"value":50456,"name":"海晏北路"},
    {"value":25871,"name":"福庆北路"},
    {"value":40984,"name":"盛莫路"},
    {"value":39641,"name":"东环南路"}
	]
}