{"data":[ "@mileycyrus","@tommcfly","@ddlovato","@DavidArchie","@Jonasbrothers","@jordanknight","@DonnieWahlberg","@taylorswift13","@mitchelmusso","@mitchelmusso","@jonasbrothers","@selenagomez","@dougiemcfly","@aplusk","@Dannymcfly","@gfalcone601","@joeymcintyre","@joeymcintyre","@shaundiviney","@YoungQ"
            ],
    "matrix":[10,15,5,15,40,30,20,25],
     "key1":[
       {
         "value":3955,
         "name":"@mileycyrus"
       },
       {
         "value":3521,
         "name":"@tommcfly"
       },
       {
         "value":3180,
         "name":"@ddlovato"
       },
       {
         "value":1197,
         "name":"@DavidArchie"
       },
       {
         "value":1030,
         "name":"@Jonasbrothers"
       },
       {
         "value":982,
         "name":"@JonathanRKnight"
       },
       {
         "value":958,
         "name":"@jordanknight"
       },
       {
         "value":943,
         "name":"@DonnieWahlberg"
       },
       {
         "value":934,
         "name":"@taylorswift13"
       },
       {
         "value":904,
         "name":"@mitchelmusso"
       },
       {
         "value":757,
         "name":"@jonasbrothers"
       },
       {
         "value":711,
         "name":"@selenagomez"
       },
       {
         "value":688,
         "name":"@dougiemcfly"
       },
       {
         "value":557,
         "name":"@aplusk"
       },
       {
         "value":530,
         "name":"@Dannymcfly"
       },
       {
         "value":503,
         "name":"@gfalcone601"
       },
       {
         "value":482,
         "name":"@joeymcintyre"
       },
       {
         "value":459,
         "name":"@shaundiviney"
       },
       {
         "value":445,
         "name":"@YoungQ"
       },
       {
         "value":423,
         "name":"@peterfacinelli"
       },
       {
         "value":392,
         "name":"@iamdiddy"
       },
       {
         "value":382,
         "name":"@TomFelton"
       },
       {
         "value":382,
         "name":"@kirstiealley"
       },
       {
         "value":371,
         "name":"@stephenfry"
       },
       {
         "value":340,
         "name":"@lilyroseallen"
       },
       {
         "value":334,
         "name":"@johncmayer"
       },
       {
         "value":327,
         "name":"@officialTila"
       },
       {
         "value":320,
         "name":"@dannywood"
       },
       {
         "value":319,
         "name":"@Pink"
       },
       {
         "value":316,
         "name":"@petewentz"
       },
       {
         "value":313,
         "name":"@andyclemmensen"
       },
       {
         "value":312,
         "name":"@souljaboytellem"
       },
       {
         "value":310,
         "name":"@PerezHilton"
       },
       {
         "value":310,
         "name":"@ashleytisdale"
       },
       {
         "value":308,
         "name":"@markhoppus"
       },
       {
         "value":307,
         "name":"@AlexAllTimeLow"
       },
       {
         "value":302,
         "name":"@KimKardashian"
       },
       {
         "value":297,
         "name":"@trent_reznor"
       },
       {
         "value":287,
         "name":"@Wossy"
       },
       {
         "value":283,
         "name":"@TheRealJordin"
       },
       {
         "value":276,
         "name":"@dannygokey"
       }
            ]
}