{"data":[ "高桥西","高桥","梁祝","芦港","徐家漕长乐","望春桥","泽民","大卿桥","西门口","鼓楼","东门口","江厦桥东","舟孟北路","樱花公园","福明路","世纪大道","海晏北路","福庆北路","盛莫路","东环南路","栎社国际机场","栎社","鄞州大道","石碶","轻纺城","藕池","客运中心","丽园南路","云霞路","宁波火车站","城隍庙","鼓楼","外滩大桥","正大路","倪家堰","压赛堰","大通桥","孔浦","路林","三官堂","宁波大学","清水浦"               
            ],
    "matrix":[10,15,5,15,40,30,20,25],
     "key1":[
                { "value": 3134, "name": "高桥西"},
    {"value": 35957, "name": "高桥"
    },
    {
      "value": 8256,
      "name": "梁祝"
    },
    {
      "value": 46932,
      "name": "芦港"
    },
    {
      "value": 24567,
      "name": "徐家漕长乐"
    },
    {
      "value": 45989,
      "name": "望春桥"
    },
    {
      "value": 62194,
      "name": "泽民"
    },
    {
      "value": 82289,
      "name": "大卿桥"
    },
    {
      "value": 48082,
      "name": "西门口"
    },
    {
      "value": 99366,
      "name": "鼓楼"
    },
    {
      "value": 176077,
      "name": "东门口"
    },
    {
      "value": 44510,
      "name": "江厦桥东"
    },
    {
      "value": 47797,
      "name": "舟孟北路"
    },
    {
      "value": 47337,
      "name": "樱花公园"
    },
    {
      "value": 111381,
      "name": "福明路"
    },
    {
      "value": 34489,
      "name": "世纪大道"
    },
    {
      "value": 38517,
      "name": "海晏北路"
    },
    {
      "value": 25086,
      "name": "福庆北路"
    },
    {
      "value": 33758,
      "name": "盛莫路"
    },
    {
      "value": 41657,
      "name": "东环南路"
    },
    {
      "value": 5824,
      "name": "栎社国际机场"
    },
    {
      "value": 1731,
      "name": "栎社"
    },
    {
      "value": 2949,
      "name": "鄞州大道"
    },
    {
      "value": 5659,
      "name": "石碶"
    },
    {
      "value": 3444,
      "name": "轻纺城"
    },
    {
      "value": 3557,
      "name": "藕池"
    },
    {
      "value": 3576,
      "name": "客运中心"
    },
    {
      "value": 2281,
      "name": "丽园南路"
    },
    {
      "value": 5398,
      "name": "云霞路"
    },
    {
      "value": 20761,
      "name": "宁波火车站"
    },
    {
      "value": 8970,
      "name": "城隍庙"
    },
    {
      "value": 11912,
      "name": "鼓楼"
    },
    {
      "value": 8701,
      "name": "外滩大桥"
    },
    {
      "value": 2668,
      "name": "正大路"
    },
    {
      "value": 3170,
      "name": "倪家堰"
    },
    {
      "value": 375,
      "name": "压赛堰"
    },
    {
      "value": 634,
      "name": "大通桥"
    },
    {
      "value": 4699,
      "name": "孔浦"
    },
    {
      "value": 5637,
      "name": "路林"
    },
    {
      "value": 1502,
      "name": "三官堂"
    },
    {
      "value": 12768,
      "name": "宁波大学"
    },
    {
      "value": 7185,
      "name": "清水浦"
    }
            ]
            
         
     }         